{
    "version": "1.0",
    "defaultProvider": "cdnjs",
    "libraries": [

        {
            "provider": "cdnjs",
            "library": "jquery@3.7.1",
            "destination": "wwwroot/lib/jquery",
            "files": [
                "jquery.min.map",
                "jquery.min.js"
            ]
        },
        {
            "provider": "cdnjs",
            "library": "jquery-validate@1.19.5",
            "destination": "wwwroot/lib/jquery-validate/",
            "files": [
                "jquery.validate.min.js",
                "localization/messages_vi.js",
                "localization/messages_vi.min.js",
                "additional-methods.min.js"
            ]
        },
        {
            "provider": "cdnjs",
            "library": "jquery-validation-unobtrusive@4.0.0",
            "destination": "wwwroot/lib/jquery-validation-unobtrusive/",
            "files": [
                "jquery.validate.unobtrusive.min.js"
            ]
        },
        {
            "provider": "cdnjs",
            "library": "font-awesome@6.4.2",
            "destination": "wwwroot/lib/font-awesome/",
            "files": [
                "css/all.min.css",
                "webfonts/fa-brands-400.ttf",
                "webfonts/fa-brands-400.woff2",
                "webfonts/fa-regular-400.ttf",
                "webfonts/fa-regular-400.woff2",
                "webfonts/fa-solid-900.ttf",
                "webfonts/fa-solid-900.woff2",
                "webfonts/fa-v4compatibility.ttf",
                "webfonts/fa-v4compatibility.woff2"
            ]
        },
        {
            "provider": "cdnjs",
            "library": "bootstrap@5.3.2",
            "destination": "wwwroot/lib/bootstrap/",
            "files": [
                "js/bootstrap.min.js.map",
                "css/bootstrap.min.css",
                "css/bootstrap.css",
                "js/bootstrap.min.js",
                "js/bootstrap.js.map",
                "js/bootstrap.js",
                "js/bootstrap.esm.min.js.map",
                "js/bootstrap.esm.min.js",
                "js/bootstrap.esm.js.map",
                "js/bootstrap.esm.js",
                "js/bootstrap.bundle.min.js.map",
                "js/bootstrap.bundle.min.js",
                "js/bootstrap.bundle.js.map",
                "js/bootstrap.bundle.js"
            ]
        }
    ]

}

        